id,left_title,left_manufacturer,left_price,right_title,right_manufacturer,right_price,label
0,quicken_2007_deluxe_win_cd,intuit,57.99,sony_acid_music_studio_pc,,69.99,?
1,micromat_diskstudio_mac,micromat,99.0,micromat_inc_diskstudio,,43.36,?
2,punch_professional_home_design_suite,punch_software,69.99,punch_software_35100_punch_professional_home_design_suite_small_box,punch_software,62.99,?
3,20100_punch_5_in_1_home_design_complete_package_1_user_cd_win_english,,34.26,sega_of_america_inc_rome_total_war_gold_edition,segaofamericainc,18.77,?
4,i_love_the_usa,globalsoftwarepublishing,9.99,global_software_a1055_i_love_the_usa,global_software,11.99,?
5,633808920357_wasp_mobileinventory_network_edition_with_wdt3200_v_3_complete_package,,2097.24,serious_magic_ultra2_master_sets_library_2_windows,serious_magic,276.5,?
6,quickverse_mac_bible_study_2007_white_box,findex,59.95,findexcom_inc_quickverse_mac_bible_study_2007_white_box,,37.18,?
7,nero_7_ultra_edition_enhanced_pc_home_entrmnt_soln,neso_usa,99.99,nero_nero_7_ultra_edition_enhanced_cddvd_burning_software_for_windows_authoring_software,,79.99,?
8,the_print_shop_22_deluxe,encore,49.99,the_printshop_v22_deluxe,,29.9,?
9,garmin_bluechart_mediterranean_southeast,,299.0,post_mortem,,7.49,?
10,andrew_lloyd_webber_yamaha_andrew_lloyd_webber_cats_smart_pianosoft_2disk_set,,22.13,photo_explosion_deluxe_r_20,,49.99,?
11,h_r_block_taxcut_2006_premium_federal_state_efile,h_r_block,59.99,architecturecentric_software_project_management_a_practical_guide,,39.59,?
12,i_transfer_dvds_2_ipod_edition_winmac,metoosoftware,29.99,me_too_software_i_transfer_dvds_2_ipod,metoosoftware,29.99,?
13,easy_home_massage_dvd,,10.95,r1800144_microsoft_windows_server_license_software_assurance_1_cal_open_business,,41.58,?
14,learning_quickbooks_r_for_windows_r,,39.99,avid_xpress_pro_video_editing_software_for_mac_and_windows_professional_editing_software,,1449.0,?
15,nero_mix_cd_recording_software,,41.42,topics_entertainment_audio_success_series_winning_strategies,,31.06,?
16,lego_star_wars_ii_the_original_trilogy_for_mac,feral_interactive,39.99,aspyr_lego_star_wars_ii,,44.95,?
17,00dexx17cc01_designcad_v_17_complete_package_1_user_cd_win,,25.54,webroot_software_inc_50410_spy_sweeper_wantivirus_family_edition_small_box_win_2000_xp,,41.97,?
18,adobe_photoshop_elements_40_mac,adobe,89.99,adobe_photoshop_elements_40_mac,,79.99,?
19,sony_creative_software_vegas43_dvd_v_70_complete_product,,420.55,abacus_software_ss69_corporate_pilot_2,abacus_software,28.99,?
20,hoyle_board_games,encore,9.99,encore_software_10027_hoyle_board_games_win_98_me_2000_xp,,7.47,?
21,marcy_marxer_cathy_fink_homespun_video_making_and_playing_homemade_instruments,,14.86,39503824_microsoft_exchange_server_2007_enterprise_edition_complete_package_1_server,,6594.2,?
22,quark_119700_quarkxpress_65_mac,quark,736.99,dv_rack_2_win_retail_ue1u,adobe,908.69,?
23,super_collapse_3,mumbo_jumbo,19.99,super_collapse_3,,22.99,?
24,hoyle_casino_2007,encore,19.99,encore_software_10675_hoyle_casino_2007_win_98_me_2000_xp,,18.97,?
25,david_holt_homespun_clawhammer_banjo_2_repertoire_and_technique,,22.13,cisco_pgw2200_include_redundant,,159787.95,?
26,media_studio_for_psp_standard_editon,encore_software,29.99,media_studio_for_psp_standard_editon_800060,,47.99,?
27,rosetta_stone_vietnamese_level_1_homeschool_edition_cdrom,,179.99,webroot_software_inc_66210_spy_sweeper_mass_merchant_win_98_me_2000_xp,,25.97,?
28,suretrak_project_manager_30,primavera_systems,499.0,windows_vista_business_sp_microsoft_66j00063,,272.38,?
29,sibelius_5_professional_edition,sibeliussoftwareltd,599.0,windows_xp_pro_nx7400_os,hewlett_packard,,?
30,bodyworks_60_25user_building_site_license,learning_company,399.95,microsoft_windows_vista_ultimate_upgrade_dvd,microsoft,259.95,?
31,adobe_flash_cs3_professional_mac,,699.0,microsoft_visual_studio_team_suite_2005_with_msdn_premium_cd_dvd,microsoft,10949.0,?
32,instant_play_electric_guitar_jewel_box,topics_entertainment,6.99,instant_play_electric_guitar_express_jc,,12.9,?
33,webobjects_52,apple,699.95,apple_software_m8789za_webobjects_52,apple_software,648.99,?
34,sony_vegas_movie_studio_dvd_8_platinum_edition,sony_media,129.95,sony_media_software_vegas_movie_studio_dvd_8_platinum_edition,,100.97,?
35,adobe_premiere_pro_cs3_upgrade,adobe,299.0,premiere_pro_cs3_mac_upgrade,,320.25,?
36,john_deere_busy_days_in_deerfield_valley,destineer_publishing,19.99,apple_final_cut_studio_2_production_suite_for_mac_av_production_software,,1298.95,?
37,cisco_csab250dtopk9_cisco_security_desktop_agent_win_sol_250_agent_bundle_cisco_security_desktop_agent_license_250_agents_0746320832500,,10267.54,destineer_rise_of_nations_gold_edition,,45.99,?
38,totally_spies_zombie_jamboree_by_brighter_minds,brightermindsmediainc,9.99,spyware_xterminator,,24.9,?
39,microsoft_windows_terminal_server_2003_client_additional_license_for_users_5_user,microsoft,669.0,microsoft_windows_terminal_server_2003_client_additional_license_for_users_5_user_824048,,719.04,?
40,more_brain_games,csdc,9.99,csdc_more_brain_games_on_hand_software,,7.17,?
41,intuit_inc_quicken_home_inventory_manager,,29.78,listen_for_ipod_magnetic_time_win_2000_xp,sosaggregationcompany,39.99,?
42,t7400004_microsoft_windows_small_business_server_2003_license_20_additional_user_cals,,1834.4,emc_retrospect_75_professional_for_windows_upgrade,dantz,,?
43,horacio_hernandez_hudson_music_horacio_hernandez_live_at_the_modern_drummer_festival_2000,,18.5,emc_auth_mgr_mnt_base_9x5_22m_peru_35055000_u_aut0005000bs22,,18.0,?
44,individual_software_jceth6_total_3d_home_deluxe_jc,individual_software,9.99,threetoapage_payroll_checks,,104.39,?
45,knowledge_adventure_785105_jumpstart_exploregr13_add_on,,12.99,home_budget_for_dummies,atari,,?
46,masque_10192_slots_from_bally_gaming,masque,18.99,canopus_77010158100_let_s_edit,canopus,99.0,?
47,scansoft_paperport_professional_11_5_user_license,nuance_communications_inc,949.99,microsoft_u0200024_open_sa_biztalk_hipaa_accltr_nt_1p,,2335.47,?
48,cubase_se3_educational_edition,steinberg,,u8400101_microsoft_windows_server_2003_for_small_business_license_5_device_cals_ope,,303.9,?
49,bling_software_limited_safekeeper_plus,,39.99,sat_act_and_psat_2007_platinum,topics_entertainment,58.5,?
50,palo_alto_business_plan_pro_2007,paloaltosoftware,99.95,palo_alto_software_bppx_palo_alto_business_plan_2007_pro_complete_product_business_planning_1_user_complete_product_standard_pc,,83.97,?
51,3d_bridge_deluxe_mac,freeverse_software,24.99,freeverse_3d_bridge_deluxe,,24.99,?
52,hidden_expedition_titanic,activision,19.99,single_pack_cardscan_software_version_80,,123.04,?
53,individual_software_inc_systemsuite_8_professional_us_pos,,46.42,freeverse_software_toysight_gold,,21.23,?
54,valuesoft_tune_transfer_for_ipod_software_for_windows_xp,valuesoft,29.95,valusoft_tune_transfer_for_ipod,,21.99,?
55,jumpstart_learning_games_phonics_pc_mac,knowledge_adventure,9.99,software_engineering_measurement_and_analysis_by_steven_strauss_9780849319303,,89.95,?
56,11k2990_international_printing_for_mysapcom_complete_package_1_client_cd_englis,,149.43,musicalis_guitar_workshop,globalsoftwarepublishing,9.99,?
57,chicken_hunter_wanted_jc,encore,9.99,encore_software_10760_chicken_hunter_wanted_win_98_me_2000_xp,,7.69,?
58,instant_immersion_japanese_20,topics_entertainment,19.99,ghost_recon_gold_edition_dvdrom,,20.95,?
59,pokemon_diamond_version_nintendo_ds,,39.99,mobi_recam_camera_monitoring_and_notification_software,mobi,119.99,?
60,sims_2_season_expansion_pack,,37.99,make_printmusic_2006_software_music_production_software,,75.95,?
61,graphic_simulations_corporation_fa_18_operation_iraqi_freedom,graphicssimulationscorporation,37.82,adobe_creative_suite_cs3_web_standard_upsell,adobe,799.0,?
62,avid_liquid_vs_7_software,avid_technology,888.75,micromat_protogo,micromat,,?
63,adobe_premiere_elements_30_lb,adobe,99.99,photoshow_deluxe,,39.92,?
64,marketcircle_daylite_v3_0_mac,csdc,149.0,turtlebeach_used_wave_20_20_software_for_windows_software_plug_ins,,19.95,?
65,burning_monkey_mahjongg_mac,freeverse_software,24.99,freeverse_burning_monkey_mahjong_3d,,24.99,?
66,epson_storyteller_photo_book_creator_8_x_10_20_pages,epson,29.99,gods_lands_of_infinity_special_edition,strategy_first,29.99,?
67,pinnacle_mobile_media_converter,pinnacle,29.99,pinnacle_mobile_media_converter_software_for_windows_ipod_software,,29.95,?
68,microsoft_asp_net_web_matrix,microsoft,30.0,s6500393_microsoft_virtual_pc_for_mac_v_70_w_windows_2000_complete_package,,238.48,?
69,total_training_for_adobe_creative_suite_3_design_premium,,279.95,microsoft_r_office_word_2004_for_mac_full_version,,231.29,?
70,filemaker_mobile_8_for_palm_os_and_pocket_pc,filemaker,69.0,phantom_efx_reel_deal_slots_v_20,,7.36,?
71,varmint_hunter_jewel_case,encore,9.99,c8a00066_microsoft_dynamics_crm_professional_v_30_product_upgrade_license_20,,9676.92,?
72,ilisten_with_headset_microphone_17,csdc,,w1rpfwx00_crystal_reports_xi_professional_edition_complete_package_1_user_win_fren,,538.5,?
73,stuffit_deluxe_11,aladdin_systems,79.99,allume_stuffit_deluxe_11_os_x_104_or_higher,,79.99,?
74,allume_stuffit_deluxe_11_macintosh_dvd_pack_sold_only_with_a_apple_cpu,,19.99,910523002_rumba_as400_edition_v_72_upgrade_package_1_processor_tier_p50_c,,20069.43,?
75,sony_creative_software_sf9006_sound_forge_9_boxed_upgrade_sound_editing_sw,,127.97,emc_auth_mgr_mnt_entupgext_10m_peru_3050u_aut0000050ue10,,17.0,?
76,lavasoft_adaware_plus_edition,tri_synergy,29.99,lavasoft_adaware_plus_edition,,24.9,?
77,bb0gyna_ibm_informix_dynamic_server_enterprise_edition_v_94_media_cd_linux,,195.53,instant_immersion_french_20,topics_entertainment,29.99,?
78,encore_software_10072_mavis_beacon_typing_17_deluxe_by_broderbund,,33.97,resumemaker_premier,,12.95,?
79,01ssc6011_sonicwall_update_service_for_sonicwall_content_security_manager_2100_cf_mainte,,5781.25,encore_software_10731_the_print_shop_22_pro_publisherdeluxe_sb_cs_by_the_print_shop,,81.97,?
80,microsoft_r_great_plains_dynamics_compatible_laser_checks,,106.29,stomp_inc_recover_lost_data_2005,stomp_inc,39.95,?
81,synet_pc_sharing_kit_w17ft_usb_extcable,synetelectronicsinc,,synet_electronics_inc_synet_pc_sharing_kit_w17ft_usb_extcable,synetelectronicsinc,26.14,?
82,the_universe_winmac_jewel_case,fogware_publishing,9.99,elementary_school_space_the_universe_pcmac_fogware,,9.99,?
83,gpak_organizer_case_for_nintendo_ds_lite_gaming_console_pink,,19.99,autocad_2007_courseware_customizing_the_interface,autodesk_psg,47.95,?
84,sony_playstation_2_the_art_of_fighting_anthology,,14.99,software_cinema_dvdrom_dvdrom_photoshop_cs2_fundamental_techniques_training_photoshop_software,,159.95,?
85,fogware_publishing_10356_high_school_us_history_2_foreign_policy_reform,,6.84,strawberry_shortcake_and_her_berry_best_friends_for_pc,,19.99,?
86,omnioutliner_professional_30,csdc,69.95,omnioutliner_professional_30_for_mac,,69.99,?
87,instant_immersion_hawaiian_audio,topics_entertainment,,topics_entertainment_instant_immersion_hawaiian_audio,,12.05,?
88,quickbooks_r_pro_2007_edition_3user,,499.99,red_hat_enterprise_linux_ws_v_4_update_4_license_1_workstation_rl296aa,hewlett_packard,,?
89,caillou_magical_adventures,brightermindsmediainc,19.99,caillou_magical_adventures_by_brighter_minds,brightermindsmediainc,19.99,?
90,sony_imzrs301_imzrs301_additional_client_upgrade_cctv_software,,374.95,hijack2_identity_and_data_security_suite,,44.9,?
91,crystal_reports_11_professional_full_product_french,business_objects,909.66,crystal_reports_xi_professional_edition_complete_package,,537.57,?
92,11105947_symantec_backup_exec_11d_for_windows_small_business_server_standard_w_continu,,479.12,autodesk_maya_85_complete_3d_animation_software_slm_animation_software,,1989.95,?
93,enfocus_software_pp70sg001_pitstop_pro_70,,558.97,web_graphics_creator,sosaggregationcompany,39.95,?
94,microsoft_student_with_encarta_premium_2008_dvd,microsoft,49.95,microsoft_student_with_encarta_premium_2008_complete_package,,43.6,?
95,elementary_school_advantage_2007,encore_software,29.99,encore_software_10443_elementary_school_advantage_2007_win_98_me_2000_xp,,26.97,?
96,systemsuite_8_professional,individual_software,49.99,individual_software_inc_systemsuite_8_professional_us_pos,,46.42,?
97,encore_software_10478_encore_printmaster_v_170_gold_complete_product_creativity_application_1_user_s_complete_product_standard_pc,,17.97,sony_vegas7_0_dvd_editing_software_with_sound_forge_8_for_windows_professional_editing_software,,549.95,?
98,corel_intervideo_windvd_8_gold_software_for_windows_authoring_software,,49.95,east_west_propack_for_garageband_av_production_software,,152.96,?
99,microsoft_office_2004_standard_upgrade_mac,microsoft,239.99,microsoft_office_2004_std_upgrade,,219.99,?
100,nikon_pictureproject_16_other_software,,44.95,adobe_after_effects_professional_7_software_for_windows_effects_software,,999.0,?
101,dreamcatcher_interactive_mark_the,,26.14,essential_business_tools_20,,9.95,?
102,millie_s_math_house_ages_37_winmac,ibm_aapmiscparts,,millies_math_house,ibm_aapmiscparts,9.9,?
103,microsoft_office_2004_professional_mac,microsoft,499.99,bb0gyna_ibm_informix_dynamic_server_enterprise_edition_v_94_media_cd_linux,,195.53,?
104,punch_master_landscape_home_design,punch_software,59.99,punch_software_26100_punch_master_landscape_and_home_design_small_box,punch_software,45.99,?
105,instant_immersion_japanese_audio_book_audio_book,,19.95,iris_inc_irispen_express_translator,,142.29,?
106,apple_ilife_06_software_av_production_software,,79.0,norton_internet_security_v3_0_mac_symantec_10069614in,,83.43,?
107,marketcircle_daylite_v3_0_mac,csdc,149.0,daylite_v3_0_marketcircle_mac_104_or_later,,149.0,?
108,vegas_7_dvdsoundforge8bundl,sony_media,722.0,art_dvd_pc_mac,fogware_publishing,29.99,?
109,listen_for_ipod_magnetic_time,sosaggregationcompany,39.99,listen_for_ipod_magnetic_time_win_2000_xp,sosaggregationcompany,39.99,?
110,backup_exec_v11d_for_windows_servers_advanced_open_file_option_symantec_10,,390.1,hewlett_packard_231319b26_secure_path_v4_0_c_for_windows_workgroup_ed_50u_lics_media_0808736757386,,60190.54,?
111,global_software_a9716jcw_crossword_addict_win_95_98_me_2000_xp,globalsoftwarepublishingnorthamericainc,8.79,robert_thies_cecilia_tsan_yamaha_sonatas_for_cello_for_cdcompatible_modules,,29.4,?
112,adobe_creative_suite_cs3_design_premium_mac,adobe,1799.0,adobe_cs3_design_premium,,1865.99,?
113,blank_laser_checks,,54.99,rayman_10th_anniversary_collection,ubi_soft,19.99,?
114,intuit_quicken_deluxe_2007_software_for_windows_tax_finance_software,,54.95,intuit_inc_299529_qb_prem_mfg_whlesle_07_intuit_inc_299529,,335.99,?
115,aspyr_media_inc_sims_2_nightlife,,33.21,bjmt_art_explosion_photo_objects_150000_complete_package_1_user_dvd_mac,,43.22,?
116,dv_rack_2_win_retail_ue1u,adobe,908.69,world_book_encyclopedia_2006,topics_entertainment,19.99,?
117,software_cinema_dvdrom_dvdrom_the_painted_portrait_for_photographers_training_photoshop_software,,124.95,symantec_10517904_client_security_v_31_business_pack_complete_product_internet_security_50_user_s_complete_product_standard_pc_free_shipping,,1895.97,?
118,sony_super_duper_music_looper,sonymediasoftware,19.99,sony_media_software_super_duper_music_looper_software_music_production_software,sonymediasoftware,19.95,?
119,homespun_norman_blake_s_guitar_techniques_dvd_2_ten_stellar_songs_and_instrumentals,,22.13,1950824l1_technical_support_maintenance_1_year_english,,401.18,?
120,ca_internet_security_suite_2007_3_user,computer_associates,69.95,software_engineering_using_the_upedu_by_pierre_n_robillard_9780201754544,,92.2,?
121,sony_vegas7_0_dvd_editing_software_with_sound_forge_8_for_windows_professional_editing_software,,549.95,micromat_protogo,micromat,,?
122,printshop_20_pro_publisher,,34.9,star_wars_episode_iii_activity_center,,10.95,?
123,panda_internet_security_2007_panda_software,,49.99,instant_immers_italian_dlux_2,,36.11,?
124,wedding_fonts,,14.99,01ssc7520_sonicwall_email_antivirus_mcafee_and_sonicwall_time_zero_subscription_license,,1306.68,?
125,i_love_the_usa,globalsoftwarepublishing,9.99,reel_deal_casino_shuffle_master_edition,phantom_efx,19.99,?
126,acrobat_professional_8_mac_upsell_standardprofessional,adobe,273.0,national_geographic_presents_redshift_5_planetarium_software,topics_entertainment,39.99,?
127,land_before_time_preschool,brightermindsmediainc,9.99,the_land_before_time_preschool_adventure,brightermindsmediainc,12.9,?
128,spy_sweeper_wantivirus_family_edition,webroot_software,49.95,webroot_software_inc_50210_spy_sweeper_wantivirus_family_edition_mass_merchant_win_2000_xp,,41.97,?
129,totally_spies_total_swamp_romp_pc_mac,brightermindsmediainc,19.99,totally_spies_total_swamp_romp_by_brighter_minds,brightermindsmediainc,19.99,?
130,adobe_creative_suite_cs3_production_premium,adobe,1699.0,adobe_production_premium_cs3_software_suite_for_windows_professional_editing_software,,1698.95,?
131,3d_home_architect_landscape_v_8by_encore_software,,26.36,zone_alarm_pro_5,,12.9,?
132,troy_stetina_hal_leonard_corporation_beginning_rock_lead_guitar_learn_to_play_rock_leads,,11.23,avery_designpro_5_software_for_use_with_all_avery_printable_products_each,,29.07,?
133,panda_software_govt_entsec_truprevent_1025u_2yr_ub2pesapragov,,44.0,power_production_storyboard_quick_5_software_for_mac_and_windows_animation_software,,299.0,?
134,madison_media_software_aspvms8000_acad_vegas_movie_studio_dvd_8_platinum,sonypicturesdigitalentertainment,81.97,datanav_the_alpha_and_omega_of_software,,22.94,?
135,web_radio_recorder,magix_entertainment,,magix_webradio_recorder_pc_magix_entertainment,,24.99,?
136,print_shop_22_pro_publisher_deluxe,encore,99.99,encore_inc_print_shop_22_pro_publisher_deluxe,,85.07,?
137,brothers_in_arms_road_to_hill_30_dvdrom,ubi_soft,19.99,ubisoft_brothers_in_arms_road_to_hill_30_pc_thers_in_ar,,19.99,?
138,rome_total_war_gold_edition,segaofamericainc,19.99,sega_of_america_inc_rome_total_war_gold_edition,segaofamericainc,18.77,?
139,i_copydvds_2_professional_edition,metoosoftware,27.9,backyard_skateboarding,,7.95,?
140,the_printshop_business_card_maker_jewel_case,riverdeeplearningcompany,9.99,encore_inc_printshop_business_card_maker,riverdeeplearningcompany,8.01,?
141,eu063av_aba_microsoft_windows_xp_professional_license_and_media_1_user_cto_english,,137.09,microsoft_office_2004_standard_mac,microsoft,399.99,?
142,quicken_2007_home_business,intuit,89.95,intuit_quicken_home_and_business_2007_software_for_windows_tax_finance_software,,89.95,?
143,onone_software_pps30211_on1_plugin_suite_v_30_for_adobe_photoshop_complete_product_image_collectioneditingarchive_complete_product_pc_mac_intelbased_mac,,365.97,dvo_enterprises_inc_cookn_low_fat,,17.55,?
144,susteen_data_pilot_universal_essentials,,59.99,fogware_publishing_10356_high_school_us_history_2_foreign_policy_reform,,6.84,?
145,acrobat_professional_8_windows,adobe,273.0,adobe_systems_inc_adobe_acrobat_80_professional_upsell_stdpro,,157.36,?
146,sony_psp_media_manager,sonycomputerentertainment,24.99,sony_media_manager_for_psp_98598,sonycomputerentertainment,24.99,?
147,pc_cakewalk_guitar_tracks_pro_3,cakewalk,149.99,spanish_before_you_know_it_deluxe,,10.95,?
148,kaplan_satactpsat_gold_2007_winmac,topics_entertainment,29.99,kaplan_actsatpsat_gold_2007_mac_os_x,,22.99,?
149,print_perfect_tm_platinum,,29.99,yamaha_piano_la_carte,,22.13,?
150,national_geographic_presents_redshift_planetarium,topics_entertainment,29.99,viva_media_llc_00257_my_sim_aquarium_win_2000_xp_vista,,19.97,?
151,dk_amazing_animals_11,globalsoftwarepublishing,9.99,global_software_a1826m2w_dk_amazing_animals_11_win_95_98_2000_xp_vista,globalsoftwarepublishing,9.08,?
152,microsoft_office_mac_2004_english_3pk_dsp_73101163,microsoft_corporation,,microsoft_office_2004_software_suite_oem_mac_apple_mac_software,,239.95,?
153,sony_playstation_3_disneys_pirates_of_the_caribbean_3_at_worlds_end,,59.99,backyard_soccer_mls_edition,,8.95,?
154,sony_sound_forge_9_boxed_upgrade,sony_media,232.05,sony_creative_software_sf9006_sound_forge_9_boxed_upgrade_sound_editing_sw,,127.97,?
155,crystal_reports_xi_developer_edition_business_objects_w1rdewx00,,400.03,210100533_pinnacle_studio_plus_titanium_edition_v_105_complete_package_1_user,,67.47,?
156,adventure_workshop_4th6th_grade_7th_edition,encore_software,19.99,encore_software_10119_adventure_workshop_4th6th_grade_7th_edition_win_xp,,18.97,?
157,multipurpose_laserinkjet_checks,,106.29,nova_print_explosion_deluxe_30,,46.99,?
158,procoder_3,,438.07,outlook_2007_edu_microsoft_54303865,,50.13,?
159,punch_professional_home_design_suite,punch_software,69.99,punch_software_35100_punch_home_design_suite_professional_complete_product_architectural_standard_1_user_s_complete_product_pc,,59.97,?
160,adobe_captivate_20,adobe,1083.95,adobe_captivate_2_software_for_windows_presentation_software,,598.95,?
161,sylvia_woods_teach_yourself_to_play_the_folk_harp,,40.3,elementary_school_advantage_2007,encore_software,29.99,?
162,clickart_12_million_2006_dvd,encore_software,,encore_inc_clickart_12_million_2006_dvd,,42.27,?
163,punch_professional_home_design_suite,punch_software,69.99,punch_software_35100_punch_professional_home_design_suite_small_box,punch_software,62.99,?
164,steinberg_sequel_pc_or_mac_music_creation_performance_software,steinberg,129.0,steinberg_sequel_music_software_music_production_software,,99.99,?
165,national_geographic_presents_redshift_5_planetarium_software,topics_entertainment,39.99,redshift_5_national_geographic_presents_win_98_me_2000_xp,,39.99,?
166,emc_auth_mgr_mnt_entupgext_15m_peru_505750u_aut0000750ue15,,16.0,pinnacle_tm_studio_plus_105_titanium_edition,,99.99,?
167,digidesign_music_production_toolkit_pro_tools_le,digidesign,495.0,digidesign_music_production_toolkit_music_production_software,,495.0,?
168,nuance_communications_inc_m009al004_0_pdf_create_v4_english,nuancecommunicationsinc,46.42,individual_software_jceth6_total_3d_home_deluxe_jc,individual_software,9.99,?
169,punch_software_punch_super_home_suite,,49.95,peachtree_by_sage_pro_accounting_2007,sage_software,169.99,?
170,adobe_61028030dg_glp_pdf_gen_psdistiller_lnx_cd_clp_tlp_72,,20.0,h2201722_microsoft_office_project_server_2007_media_volume_cd_win_english,,23.48,?
171,modeless_software_liquid_ledger_personal_finance,,71.99,mother_goose_interactive_storybook,,8.95,?
172,elementary_advantage_2008,encore,39.99,encore_software_12360_elementary_advantage_2008_win_2000_xp_vista,,34.97,?
173,steinberg_wavelab_studio_6_audio_editing_software_competitive_crossgrade_music_production_software,,199.95,language_guide_for_nuvi_350,,79.95,?
174,punch_software_90500_home_design_studio_mac,punch_software,135.99,microsoft_office_and_windows_training_professional,,29.99,?
175,panda_internet_security_2007_panda_software,,49.99,amy_grant_yamaha_amy_grant_the_collection_smart_pianosoft,,14.86,?
176,liquid_ledger_personal_finance,csdc,79.99,csdc_liquid_ledger_personal_finance_modeless_software,,71.01,?
177,t3558a_hp_storageworks_secure_path_for_hpux_workgroup_edition_v_30_c_complete,,66453.82,microsoft_r_project_standard_2007,,599.95,?
178,morpheus_photo_animation_suite,smithmicrosoftwareinc,49.99,quickstart_pc_cleaner_xp,,8.95,?
179,corel_ulead_dvd_moviefactory_6_software_for_windows_authoring_software,,49.95,elementary_school_space_the_universe_pcmac_fogware,,9.99,?
180,p7200473_microsoft_windows_server_enterprise_edition_license_software_assurance_1_u,,3282.33,blank_laser_checks,,54.99,?
181,snap_8_player_poker_5_pack,topics_entertainment,29.06,topics_entertainment_cs50613_snap_8_player_poker_5_pack,,18.99,?
182,encore_software_10655_hoyle_bridge_win_98_me_2000_xp,,7.69,maudio_pro_tools_mpowered_mpowered_73_software_music_production_software,,249.0,?
183,encyclopedia_britannica_profiles_dinosaurs_jewel_case,atari,9.99,avanquest_usa_llc_system_care_professional,,43.32,?
184,photo_explosion_deluxe_30,nova_development,49.99,avid_xpress_pro_video_editing_software_for_mac_and_windows_professional_editing_software,,1449.0,?
185,adobe_photoshop_cs3_upgrade_mac,adobe,199.0,prey,aspyr_media,39.99,?
186,encore_software_11580_monopoly_with_bonus_risk_win_98_me_2000_xp,,18.97,adobe_audition_20_audio_production_software_educational_discount_audio_software_for_video,adobeeducationbox,148.95,?
187,pearson_education_book_the_photoshop_cs2_book_for_digital_photographers_photoshop_software,,44.95,aec_software_10101090220000101_aec_fasttrack_schedule_v_90_complete_product_project_managementversion_control_1_user_s_complete_product_standard_mac,,348.97,?
188,i_copy_dvds_2_ultra_edition,,29.9,csdc_x3mac_x3_reunion_virtual_programming_ltd_mac_104_or_later_ub,csdc,42.6,?
189,ron_carter_herbie_hancock_billy_cobham_view_video_herbie_hancock_trio_hurricane,,14.86,microsoft_windows_server_2003_client_additional_license_for_devices_5_pack,microsoft,209.0,?
190,spring_cleaning_90_for_mac_os_104_above,aladdin_systems,49.99,got_game_entertainment_exclusive_00050_scratches_directors_cut,,15.58,?
191,webroot_spysweeper_antispyware_3_user,webroot_software,39.99,webroot_software_65210_spy_sweeper_3_pc,webroot_software,31.99,?
192,window_washer,navarre_software,29.95,webroot_software_window_washer,,29.99,?
193,sims_complete,aspyr_media,49.99,microsoft_onenote_2007_upgrade,microsoft,79.95,?
194,tune_1000_bee_gees_songs_made_famous_by_the_bee_gees,,18.5,emedia_eg03014_bass_method_os_x,emedia,53.99,?
195,turbosketch_tm_studio,,89.99,century_software_ttpl1_century_tinyterm_plus_v_40_complete_product_connectivitydata_acess_1_user_s_complete_product_standard_english_pc,,188.97,?
196,crayola_first_ladies_costume_maker,encore_software,19.95,onone_software_essentials_for_adobe_photoshop_elements_version_2_full,,59.33,?
197,laughingbird_the_logo_creator,,34.99,stuffit_deluxe_v_100_mac,smithmicrosoftware,79.99,?
198,cinescore_professional_soundtrack_edition,sonypicturesdigitalentertainment,249.95,rob_mullins_yamaha_welcome_to_planetmullins_pianosoft_plus_audio,,29.4,?
199,encore_software_11273_hasbro_family_collection_2006_sb_cs_by_hasbro,,17.97,clickart_fonts_2006_by_encore,encore_software,19.99,?
200,hp_sp_linux_we_50_liccd_30_c_t3586a,hewlettpackard_consumables,,sp_linux_we_50_liccd_30_c,,69216.95,?
201,adobe_systems_inc_adobe_acrobat_80_professional_upsell_stdpro,,157.36,adobe_acrobat_standard_80,adobe,449.99,?
202,kaplan_satactpsat_platinum_2007_winmac,topics_entertainment,49.99,sat_act_psat_2007_platinum,,29.85,?
203,i_copy_dvds_2_professional_edition,metoosoftware,69.99,i_copydvds_2_professional_edition,metoosoftware,27.9,?
204,microsoft_powerpoint_2004_upgrade_mac,microsoft,109.99,computrace_lojack_for_laptops_3_yr_subscription,,89.99,?
205,adobe_premiere_elements_30,adobe,161.73,adobe_premiere_elements_3_pc,,99.99,?
206,adobe_dreamweaver_cs3_upgrade_mac,adobe,199.0,adobe_dreamweaver_cs3_upgrade,,205.99,?
207,zoo_tycoon_2_mac,destineer,39.99,aspyr_zoo_tycoon_2,,38.99,?
208,notetaker_15,aquaminds,69.99,versacheck_r_gold_2005,,59.97,?
209,adobe_dreamweaver_cs3_upgrade,,205.99,alsoft_diskwarrior_for_intel,,89.99,?
210,abacus_software_s461_train_sim_modeller_for_pc,abacus_software,32.99,hallmark_card_studio_2004,,29.97,?
211,the_computrace_lojack_for_laptops_computer_tracking_and_loss_control_solution_by,lenovo,,sara_davis_buechner_george_gershwin_warsaw_concerto_second_rhapsody,,25.77,?
212,gods_lands_of_infinity_special_edition,strategy_first,29.99,amazing_spiderman_complete_comic_book_collection_winmac,git_corp,49.99,?
213,punch_super_home_suite,punch_software,49.99,punch_software_punch_super_home_suite,,49.95,?
214,topics_presents_ancient_civilizations_4_cd_set,topics_entertainment,29.99,topics_presents_ancient_civilizations,,12.9,?
215,scrabble,destineer,24.99,ufo_afterlight,topware_interactive,39.99,?
216,palo_alto_business_plan_pro_premier_2007,paloaltosoftware,199.0,palo_alto_software_bpdx_palo_alto_business_plan_2007_pro_premier_edition_complete_product_business_planning_1_user_complete_product_standard_pc,paloaltosoftware,184.97,?
217,intuit_inc_299529_qb_prem_mfg_whlesle_07_intuit_inc_299529,,335.99,corel_ulead_videostudio_11_plus_software_for_win_educational_license_authoring_software,,89.95,?
218,kids_power_fun_for_little_ones,topics_entertainment,19.99,family_tree_maker_version_16_deluxe,encore,69.95,?
219,stephen_webber_berklee_press_turntable_technique_the_art_of_the_dj_dvd,,18.5,autodesk_206100900009331_acad_mch_06_cg_frm_acad_lt200406_addseat_sub_re,,2900.26,?
220,microspot_interiors_mac_102_or_later,,99.95,passwords_plus_v_10_complete_package,,28.5,?
221,eovia_carrara_4_pro_winmac,eovia_corporation,599.99,shapes,school_zone,9.99,?
222,the_print_shop_22_deluxe_sb_cs_by_the_print_shop,encore_software,49.95,encore_software_10741_the_print_shop_22_deluxe_sb_cs_by_the_print_shop,,42.97,?
223,data_protection_suite,stomp_inc,69.99,data_protection_security_suite_2005,,59.9,?
224,crusader_kings,atari,19.99,atari_26162_crusader_kings_mb,,21.99,?
225,national_geographic_photo_gallery_jewel_case,topics_entertainment,9.99,national_geographic_photo_gallery_topics,,9.95,?
226,millie_s_math_house_ages_37_winmac,ibm_aapmiscparts,,wacky_bird_hunter,,8.95,?
227,microsoft_digital_image_suite_2006_plus_pinnacle_studio_100,microsoft,99.95,xbox_lego_star_wars,,19.95,?
228,backyard_sports_baseball_2007_for_pc,,19.99,avery_c32028_quick_clean_business_cards_220gsm_glossy_card_for_use_with,,21.22,?
229,punch_professional_home_design,punch_software,89.99,punch_software_14100_punch_professional_home_design_suite_for_windows,punch_software,62.99,?
230,master_serverupg,novastor_corporation,,master_serverupg,,174.99,?
231,usaworld_extreme_landscapes_bundle,abacus,39.95,abacus_usaworld_extreme_landscapes_bundle,,38.43,?
232,your_desktop_post_office_for_pc,stampscom,14.99,ghostsurf_2006_platinum,,14.95,?
233,microsoft_39400416_opens_exch_svr_exconn_lsa_qual,,22575.14,iview_mediapro_26_media_management,,155.99,?
234,vivaldi_s_musical_adventure_pod,fogware_publishing,9.95,media_made_easy_volume_3,,24.9,?
235,elementary_advantage_2008,encore_software,,cell_phone_software_solution,susteen,113.1,?
236,mastercook_deluxe_low_carb_edition,,17.9,xbox_live_1600_points,,19.99,?
237,quarkxpress_7_for_macwin,quark,1289.42,bethesda_software_12000_ihra_drag_racing_sportsman_edition_win_me_nt_2000_xp,,19.97,?
238,middle_school_success_essentials,topics_entertainment,29.99,topics_entertainment_middle_school_success_essentials,,17.55,?
239,01ssc6997_sonicwall_clientserver_antivirus_suite_subscription_license_3_years_10,,64740.21,wisdom_of_the_bible_holy_land_edition,hip_interactive,29.99,?
240,call_of_duty_2_dvdrom_mac,aspyr_media,49.99,encore_software_14080_q_bert_win_2000_xp_vista,,7.69,?
241,coreldraw_graphics_suite_x3_upgrade_win_98_me_nt_2000_xp_vista,,179.0,millies_math_house,ibm_aapmiscparts,9.9,?
242,intervideo_windvd_8_platinum,corel,69.99,easy_home_massage_dvd,,10.95,?
243,ce_software_4501eu01up35_quickeys_50_upgrade_from_3x,ce_software,41.5,encore_software_11290_scrabble_complete_win_98_me_xp,,7.69,?
244,peachtree_by_sage_complete_accounting_2007,sage_software,269.99,sage_software_peachtree_complete_accounting_2007_software_for_windows_tax_finance_software,,249.95,?
245,encore_software_10673_hoyle_casino_2007_win_98_me_2000_xp,,18.97,marine_aquarium_goldfish_screen_saver_by_encore_software,encore_software,,?
246,25510587_adobe_after_effects_cs3_professional_complete_package_1_user_dvd_win_c,,1054.23,practical_software_estimation_function_point_methods_for_insourced_and,,39.59,?
247,punch_software_17100_punch_super_home_suite,punch_software,45.99,marine_aquarium_sharks,encore_software,9.95,?
248,5325302018_snap_enterprise_data_replicator_license_1_server_linux_unix_win,,663.22,passwords_plus_10,dataviz,29.99,?
249,norton_internet_security_2008_10_user,symantec,199.99,norton_internet_security_2008_10_user,,199.99,?
250,microsoft_windows_vista_business_32bit_for_system_builders,microsoft,179.99,microsoft_windows_vista_business_32bit_oem,,149.99,?
251,adobe_creative_suite_cs3_master_collection_mac,adobe,2499.0,adobe_cs3_master_collection,,2499.99,?
252,steve_kaufman_homespun_flatpicking_banjo_tunes_a_guitarist_s_guide_to_hot_soloing,,22.13,windows_vista_ultimate_upgrade,,259.0,?
253,scrabble,destineer,24.99,digital_leisure_inc_dance_6_ejay,digitalleisureinc,24.91,?
254,route_66_route_canada_french,csdc,,csdc_route_66_route_canada_french,,35.98,?
255,final_draft_7_professional_scriptwriting_winmac,final_draft,289.99,emc_ju10a0075_emc_retrospect_75_disk_to_disk_windows_emc_insignia_retrospect_disktodisk_v_75_complete_package_1_server_cd_win_0093156011006,,266.92,?
256,disney_learning_1st2nd_grade_win,,13.61,roy_book_binder_homespun_blues_by_the_book_dvd_2,,22.13,?
257,various_artists_view_video_cuba_mia_portrait_of_an_allwoman_orchestra,,14.86,adobe_cs3_web_premium,,1659.99,?
258,steinberg_wavelab_studio_6_audio_editing_software_educational_discount_music_production_software,,149.95,121745_diskeeper_2007_pro_premier_edition_complete_package_10_workstations_dvd,,787.56,?
259,call_of_duty_deluxe_mac_dvd,aspyr_media,39.99,aspyr_call_of_duty_deluxe,,53.99,?
260,snap_kakuro,topics_entertainment,4.99,diskeeper_2007_professional,,46.95,?
261,multiplication_and_division_grades_34,school_zone,9.99,school_zone_interactive_multiplication_division_34_on_track_software,,9.45,?
262,great_invasions,strategy_first,39.99,ulysses_against_the_son_of_hercules_mv,,10.95,?
263,adventure_workshop_preschool_jewel_case,encore_software,29.99,iwork_06_mac_apple,,79.99,?
264,math_missions_the_race_to_spectacle_city_arcade_grades_k2,,8.49,gmp_data_rescue_license_24300,globalmarketingpartners,349.0,?
265,panda_software_filesecure2006_w_truprevent_10012k_2yr_b2fs6ggov,,20.0,backyard_sports_backyard_basketball_and_backyard_football,humongous_entertainment,19.99,?
266,acad_vegas_movie_studio_dvd_8_platinum,sonypicturesdigitalentertainment,,business_card_factory_deluxe_30,nova_development,29.99,?
267,dinosaurs,topics_entertainment,19.99,topics_presents_dinosaurs,,12.9,?
268,xbox_360_gears_of_war,,59.99,statistical_methods_in_software_engineering_reliability_and_risk_9780387988238,,99.0,?
269,54303927_microsoft_office_outlook_2007_media_volume_cd_win_english,,23.33,micromat_podlock_mac,micromat,69.0,?
270,school_zone_interactive_vocabulary_puzzles_1_on_track_software,,9.45,microsoft_digital_image_suite_2006_plus_pinnacle_studio_100,microsoft,99.95,?
271,nero_8_ultra_edition,nero_inc,99.95,nero_inc_nero_8_ultra_edition,,88.83,?
272,instant_play_electric_guitar_jewel_box,topics_entertainment,6.99,emc_securid_appl_mnt_ent_ext_23mo_per_u_50057500_app0007500ee23,,23.0,?
273,treasure_mathstorm,thelearningcompany,9.9,weekly_reader_mastering_elementarymiddle_school_math_learning,fogware_publishing,19.99,?
274,timbuktu_remote_control_softwre_10_licenses_for_windows,netopia,,zonealarm_antispyware,zone_labs,29.99,?
275,vivaldi_s_musical_adventure_pod,fogware_publishing,9.95,r1800144_microsoft_windows_server_license_software_assurance_1_cal_open_business,,41.58,?
276,clip_art_and_more_250_000_jewel_case,imsi_design,,clipart_more_250000_jc,,9.9,?
277,procurve_mobility_manager_10_is_a_plugin_module_for_procurve_manager_plus_20,hewlett_packard,,laplink_software_pafgpcmv01000p0rtpen_laplink_pcmover_complete_product_desktop_management_2_computer_s_complete_product_standard_english_pc,,39.97,?
278,digital_video_and_audio_production_book_for_vegas_7_dvd,sonypicturesdigitalentertainment,49.35,digital_video_audio_prod_book,sony_creative_software,27.99,?
279,microsoft_productivity_pack_for_windows_mobile,microsoft,29.99,mastercook_deluxe_low_carb_edition,,17.9,?
280,peachtree_r_compatible_laser_checksaccounting_for_windows_versions_357_0,,106.29,webroot_software_inc_31250_spy_sweeper_spanish,,24.81,?
281,marcy_marxer_cathy_fink_homespun_video_making_and_playing_homemade_instruments,,14.86,finaldraft_scriptwriter_s_suite_25_screenwriting_software_macwin_screen_writing_software,,279.95,?
282,jewels_of_cleopatra,encore_software,19.95,encore_software_11861_jewels_of_cleopatra_win_xp_vista,,18.97,?
283,instant_immersion_german_v2_0_pc_mac,topics_entertainment,29.99,cakewalk_project5_version_2,cakewalk,259.0,?
284,onone_essentials_for_adobe_photoshop_elements,onone_software,59.95,onone_software_ele10211_on1_essentials_v_10_for_photoshop_elements_complete_product_graphicsdesigning_1_user_complete_product_standard_english_pc_mac,,50.97,?
285,textbridge_pro_11_5u_license_xp,nuance_communications_inc,,panda_software_antivirus_firewall_2008_windows,panda_software,,?
286,jumpstart_1st_grade,knowledge_adventure,,clifford_reading_pack_dvd_box,scholastic,19.99,?
287,firstedge_v_20_mac,myob_us,99.95,3d_home_architect_landscape_v_8_by_encore_software,encore_software,39.99,?
288,contentbarrier_x4_104_single_user_mac,intego,49.99,cadktpr10u150_ca_desktop_protection_suite_v_15_complete_package_10_additional_user,,424.93,?
289,corel_dvd_moviefactory_60_plus,corel,79.99,micromat_tech_tool_pro_45,,82.99,?
290,onone_essentials_for_adobe_photoshop_elements_version_2_full,onone_software,59.95,appleworks_629,apple,79.0,?
291,quickbooks_pos_pro_multistore_60,intuit_inc,1399.95,qb_pos_60_pro_multi_store_sw,intuit,1054.99,?
292,encore_software_11272_hasbro_family_collection_2006_win_98_me_2000_xp,,18.97,bling_software_limited_safekeeper_plus,,34.75,?
293,acrobat_professional_8_windows,adobe,273.0,sos_aggregation_company_brain_builder_core_learning,,15.91,?
294,emc_securid_appl_mnt_base_std_6mo_per_u_15052k_app0002000bs6,,14.0,ilife_06_mac_apple_ma166za,,47.8,?
295,holdan_edius_nx_express_for_hdv_realtime_dv_hdv_video_production,,1232.58,airline_tycoon_deluxe,topware_interactive,19.99,?
296,sony_playstation_2_mortal_combat_armageddon,,19.99,vcomm_system_suite_professional_7,avanquest,49.95,?
297,digital_video_audio_prod_book,sonypicturesdigitalentertainment,27.5,apple_iwork_06_family_pack_software_apple_mac_software,,99.0,?
298,recam_remote_monitoring_software,mobitechnologiesinc,129.0,mobicam_70008_monitoring_and_notification_software,mobitechnologiesinc,89.69,?
299,apple_iwork_06_family_pack_mac_dvd_older_version,apple,99.0,reel_deal_casino_quest_win_95_98_me_2000_xp,,19.95,?
300,zoo_tycoon_for_windows,,25.99,encore_software_11050_hoyle_4pack_2006_win_98_me_2000_xp,,18.97,?
301,instant_immersion_german_v2_0_pc_mac,topics_entertainment,29.99,encore_software_13851_tlc_blues_clues_preschool_learning_system_2008,,17.97,?
302,ringtone_media_studio_pc_avanquest,,19.99,encore_software_14111_jeopardy_deluxe,,17.97,?
303,adobe_soundbooth_cs3_academic,,95.99,encore_software_10941_scoobydoo_frights_camera_mystery_sb_cs_by_riverdeep,,17.97,?
304,simply_put_software_data_eliminator,simplyputsoftware,,simply_put_software_llc_de905s_data_elminator_win_95_98_me_nt_2000_xp,simplyputsoftware,34.97,?
305,quicken_2007_deluxe_win_cd,intuit,57.99,sibelius_photoscore_professional_scanning_software_music_production_software,sibeliussoftwareltd,179.95,?
306,adobe_cs3_web_standard_upsell,,819.99,high_school_advantage_2007,encore_software,29.95,?
307,microsoft_r_project_standard_2007,,599.95,myob_premier_accounting_for_small_business_2007windows,,289.99,?
308,final_draft_7syd_field_s_screenwriting_workshop_dvd_bundle,final_draft,249.99,sudoku_for_kids,,9.99,?
309,symantec_norton_antivirus_2007_windows,,39.99,quicken_2007_premier,intuit,79.95,?
310,emedia_intermediate_guitar_method_os_x,emedia,59.99,emedia_eg04025_intermediate_guitar_method_complete_package,emedia,53.99,?
311,adobe_creative_suite_cs3_web_premium_upgrade_mac,adobe,499.0,sony_media_software_acid_music_studio_7_software_music_production_software,,69.95,?
312,home_budget_for_dummies,atari,,apple_garageband_jam_pack_remix_tools,,95.99,?
313,encore_software_11190_scrabble_win_98_me_2000_xp,,18.97,cd72ar1k9_cisco_ios_enterprisesnasw_ipsec_3des_complete_package_cd,,10576.76,?
314,adobe_creative_suite_cs3_production_premium,adobe,1699.0,abacus_national_parks_enhanced_scenery,,17.55,?
315,instant_immersion_language_lab_deluxe_edition,topics_entertainment,,instant_immersion_language_lab_deluxe_edition,,14.9,?
316,nintendo_gamecube_the_legend_of_zelda_twilight_princess,,49.99,magix_webradio_recorder_pc_magix_entertainment,,24.99,?
317,john_deere_welcome_to_merriweather_farm,globalsoftwarepublishing,19.99,john_deere_welcome_to_merriweather_farm_by_bold_games,globalsoftwarepublishing,21.99,?
318,re_launch_piano_wizard_premier_w49e_keystation,,161.99,zoo_tycoon_2_marine_mania_expansion,microsoft,19.99,?
319,aspyr_sims_2_nightlife_expansion_pack,,35.99,11105947_symantec_backup_exec_11d_for_windows_small_business_server_standard_w_continu,,479.12,?
320,punch_software_10602_concepts_2d_cad_design,,38.97,final_draft_av_25_winmac,final_draft,199.99,?
321,pdf_converter_professional_v4_english,nuance_communications_inc,99.99,bias_deck_le_35_macintosh_cd,bias,99.0,?
322,stuffit_deluxe_11,aladdin_systems,79.99,corefx_three_level,core_learning,59.95,?
323,photostudio_r_expressions_20,,29.99,abacus_software_s568_vietnam_carrier_ops,abacus_software,28.99,?
324,3_great_games_for_guys,dreamcatcher_interactive,29.99,cute_ftp,tri_synergy,39.99,?
325,punch_professional_home_design_suite,punch_software,69.99,punch_software_35100_punch_professional_home_design_suite_small_box,punch_software,62.99,?
326,apple_final_cut_studio_2_production_suite_for_mac_av_production_software,,1298.95,adobe_creative_suite_cs3_web_standard_upsell_mac,adobe,799.0,?
327,microsoft_windows_vista_home_basic_upgrade_dvd,microsoft,99.95,microsoft_windows_vista_home_basic_upgrade_pc,,99.99,?
328,riding_academy_jump_ride,viva_media,19.99,viva_media_llc_riding_academy_jump_ride,,17.55,?
329,arcmedia_spelling_bee_windowsmacintosh,arcmedia,24.95,steve_kaufman_homespun_the_art_of_guitar_crosspicking,,22.13,?
330,xoom_internet_movies_2,xoom,,xoom_internet_movies_2,,22.9,?
331,multipurpose_continuous_checks,,144.59,n106788_veritas_sitestor_v_12_media_and_documentation_set_cd_linux_win_s,,68.02,?
332,encore_software_11192_scrabble_champion_edition_win_98_me_2000_xp,,18.97,brighter_minds_land_before_time_kindergarten,brightermindsmediainc,9.99,?
333,hp_c7130b_color_laserjet_5550_500sheet_input_tray,hewlett_packard,,adobe_solution_expert_support,adobe,299.0,?
334,print_shop_deluxe_21,,44.9,photo_explosion_deluxe_30,nova_development,49.99,?
335,encore_software_10871_family_tree_maker_version_16_deluxe_sb_cs_by_family_tree_maker,,57.97,colorvision_spydertv_pro,,599.99,?
336,fsecure_internet_security_2007_3_pcs_global_marketing_partners,globalmarketingpartners,63.35,smart_steps_4th_grade_jc,dorlingkindersleymultimedia_dk,11.95,?
337,microsoft_productivity_pack_for_windows_mobile,microsoft,29.99,abacus_usaworld_extreme_landscapes_bundle,,38.43,?
338,ulead_systems_dvd_workshop_2,ulead_systems,494.99,corel_ulead_dvd_workshop_2_authoring_software,,299.95,?
339,hoyle_card_games_jewel_case,encore_software,9.99,encore_software_10025_hoyle_card_games_win_98_me_2000_xp,,7.47,?
340,nonfunctional_requirements_in_software_engineering_by_lawrence_chung,,258.0,avid_xpress_pro_hd_video_editing_software_academic_win_and_mac_professional_editing_software,,295.0,?
341,punch_software_38100_punch_super_home_suite_small_box,punch_software,45.99,ableton_live_6_software_upgrade_to_live_6_for_owners_of_live_5_music_production_software,,219.0,?
342,popup_stopper_professional,panicware,29.99,csdc_popup_stopper_professional_panicware,,26.14,?
343,punch_software_90500_home_design_studio_mac,punch_software,135.99,adobe_cs3_design_standard_upsell,,934.99,?
344,adobe_premiere_pro_cs3,adobe,799.0,premiere_pro_cs3_mac,,808.15,?
345,adobe_acrobat_capture_30_22101258,adobe,299.99,sony_playstation_2_beatmania,,19.99,?
346,peachtree_r_compatible_continuous_checksaccounting_for_windows_802004_version,,91.59,633808035020_wasp_nest_ccd_suite_business_edition_complete_package_1_user_cd_win,,179.03,?
347,victory_multimedia_swolf6r_submitwolf_v6_0_9xment_2kxp_by_trellian_llc_free_shipping,,145.0,3_great_games_for_guys,dreamcatcher_interactive,29.99,?
348,vivendiuniversal_games_inc_swat_4,,18.77,upgr_op6_pro_100_to_op7_pro_100,,98.99,?
349,mike_dowling_homespun_swing_guitar_improvising_hot_lead_solos,,29.4,633808105020_wasp_bar_code_labeler_complete_package_3_users_cd_win_english,,195.77,?
350,corel_snapfire_plus_ignite_photo_fun,corel,39.99,corel_corporation_corel_snapfire_plus,,37.2,?
